2026-05-27 18:47|IA|Hector|Hola
2026-05-27 18:47|IA|Hector|gre
2026-05-27 18:47|IA|Hector|ger
2026-05-27 18:47|IA|Hector|ger
2026-05-27 18:47|IA|Hector|gerg
2026-05-27 18:47|IA|Hector|erg
2026-05-27 18:47|IA|Hector|er
2026-05-27 18:47|IA|Hector|ger
2026-05-27 18:47|IA|Hector|gre
2026-05-27 18:47|IA|Hector|gre
2026-05-27 18:47|IA|Hector|greg
2026-05-27 18:47|IA|Hector|er
2026-05-27 18:47|IA|Hector|ger
2026-05-27 18:47|IA|Hector|ger
2026-05-27 18:47|IA|Hector|ger
2026-05-27 18:47|IA|Hector|ger
2026-05-27 18:47|IA|Hector|ger
2026-05-27 18:47|IA|Hector|g
2026-05-27 18:47|IA|Hector|eg
2026-05-27 18:47|IA|Hector|erg
2026-05-27 18:47|IA|Hector|erg
2026-05-27 18:47|IA|Hector|er
2026-05-27 18:47|IA|Hector|gg
2026-05-27 18:47|IA|Hector|g
2026-05-27 18:47|IA|Hector|e
2026-05-27 18:47|IA|Hector|g
2026-05-27 18:47|IA|Hector|g
2026-05-27 18:47|IA|Hector|gerg
2026-05-27 18:47|IA|Hector|e
2026-05-27 18:47|IA|Hector|gg
2026-05-27 18:47|IA|Hector|e
2026-05-27 18:47|IA|Hector|geg
2026-05-27 18:47|IA|Hector|e
2026-05-27 18:47|IA|Hector|ge
2026-05-27 18:47|IA|Hector|geg
2026-05-27 18:47|IA|Hector|reg
2026-05-27 18:47|IA|Hector|reg
2026-05-27 18:47|IA|Hector|re
2026-05-27 18:47|IA|Hector|geg
2026-05-27 18:47|IA|Hector|gerg
2026-05-27 18:47|IA|Hector|e
2026-05-27 18:47|IA|Hector|gg
2026-05-27 18:47|IA|Hector|erg
2026-05-27 18:47|IA|Hector|eg
2026-05-27 18:47|IA|Hector|erg
2026-05-27 18:47|IA|Hector|erg
2026-05-27 18:47|IA|Hector|e
2026-05-27 18:47|IA|Hector|g
2026-05-27 18:47|IA|Hector|ge
2026-05-27 18:47|IA|Hector|g
2026-05-27 18:47|IA|Hector|g
2026-05-27 18:47|IA|Hector|ger
2026-05-27 18:47|IA|Hector|ger
2026-05-27 18:47|IA|Hector|ger
2026-05-27 18:47|IA|Hector|g
2026-05-27 18:47|IA|Hector|er
2026-05-27 18:47|IA|Hector|gre
2026-05-27 18:47|IA|Hector|ger
2026-05-27 18:47|IA|Hector|g
2026-05-27 18:47|IA|Hector|ger
2026-05-27 18:47|IA|Hector|ger
2026-05-27 18:47|IA|Hector|ger
2026-05-27 18:47|IA|Hector|g
2026-05-27 18:47|IA|Hector|ergeg
2026-05-27 18:47|IA|Hector|reg
2026-05-27 18:47|IA|Hector|e
2026-05-27 18:47|IA|Hector|gg
2026-05-27 18:47|IA|Hector|re
2026-05-27 18:47|IA|Hector|ger
2026-05-27 18:47|IA|Hector|er
2026-05-27 18:47|IA|Hector|HOLA
2026-05-27 18:55|IA|Hector|HOLA
2026-05-27 18:55|Deportes|Hector|hola
2026-05-27 19:05|IA|Hector|hola
2026-05-27 19:05|IA|Hector|fewfew
2026-05-27 19:12|IA|Hector|hola
2026-05-27 19:12|IA|Hector|efwfewfwef
2026-05-27 19:12|IA|Hector|fewf
2026-05-27 19:17|IA|Hector|hola
2026-05-27 19:17|IA|Hector|ergeg
2026-05-27 19:20|IA|Hector|Hola
2026-05-27 19:20|IA|Hector|gerge
2026-05-27 19:20|IA|Hector|erg
2026-05-27 19:20|IA|Hector|reg
2026-05-27 19:20|IA|Hector|g
2026-05-27 19:20|IA|Hector|erge
2026-05-27 19:20|IA|Hector|g
2026-05-27 19:20|IA|Hector|erg
2026-05-27 19:20|IA|Hector|erg
2026-05-27 19:20|IA|Hector|erg
2026-05-27 19:20|IA|Hector|erg
2026-05-27 19:20|IA|Hector|er
2026-05-27 19:20|IA|Hector|e
2026-05-27 19:20|IA|Hector|ger
2026-05-27 19:20|IA|Hector|g
2026-05-27 19:20|IA|Hector|e
2026-05-27 19:20|IA|Hector|r
2026-05-27 19:20|IA|Hector|ge
2026-05-27 19:20|IA|Hector|rg
2026-05-27 19:20|IA|Hector|r
2026-05-27 19:20|IA|Hector|eg
2026-05-27 19:20|IA|Hector|erg
2026-05-27 19:20|IA|Hector|erge
2026-05-27 19:20|IA|Hector|ge
2026-05-27 19:20|IA|Hector|ge
